{"cameraMode":{"drawMode":0,"name":"Shaded","section":"Shading Mode"},"sceneLighting":true,"audioPlay":false,"sceneViewState":{"showFog":true,"showMaterialUpdate":false,"showSkybox":true,"showFlares":true,"showImageEffects":true,"showParticleSystems":true},"in2DMode":false,"pivot":{"x":-0.3205070495605469,"y":-0.4491729736328125,"z":-0.9980273246765137},"rotation":{"x":-0.32022973895072939,"y":-0.6724389791488648,"z":0.4042859971523285,"w":-0.5311332941055298},"size":6.331448078155518,"orthographic":false}