{"cameraMode":{"drawMode":0,"name":"Shaded","section":"Shading Mode"},"sceneLighting":true,"audioPlay":false,"sceneViewState":{"showFog":true,"showMaterialUpdate":false,"showSkybox":true,"showFlares":true,"showImageEffects":true,"showParticleSystems":true},"in2DMode":false,"pivot":{"x":-1.4185346364974976,"y":1.224841833114624,"z":-0.2390071153640747},"rotation":{"x":-0.11602418124675751,"y":-0.8820071220397949,"z":0.35802161693573,"w":-0.2840922772884369},"size":1.0904641151428223,"orthographic":false}