{"cameraMode":{"drawMode":0,"name":"Shaded","section":"Shading Mode"},"sceneLighting":true,"audioPlay":false,"sceneViewState":{"showFog":true,"showMaterialUpdate":false,"showSkybox":true,"showFlares":true,"showImageEffects":true,"showParticleSystems":true},"in2DMode":false,"pivot":{"x":365.9151611328125,"y":212.57647705078126,"z":155.5357666015625},"rotation":{"x":-0.04079756885766983,"y":-0.005398381035774946,"z":0.00022055956651456654,"w":-0.9991549849510193},"size":264.12994384765627,"orthographic":false}