{"cameraMode":{"drawMode":0,"name":"Shaded","section":"Shading Mode"},"sceneLighting":true,"audioPlay":false,"sceneViewState":{"showFog":true,"showMaterialUpdate":false,"showSkybox":true,"showFlares":true,"showImageEffects":true,"showParticleSystems":true},"in2DMode":false,"pivot":{"x":308.4596862792969,"y":233.277099609375,"z":39.30609130859375},"rotation":{"x":0.05037694424390793,"y":-0.008991063572466374,"z":0.0004523111565504223,"w":0.9987285137176514},"size":290.2415771484375,"orthographic":false}