{"cameraMode":{"drawMode":0,"name":"Shaded","section":"Shading Mode"},"sceneLighting":true,"audioPlay":false,"sceneViewState":{"showFog":true,"showMaterialUpdate":false,"showSkybox":true,"showFlares":true,"showImageEffects":true,"showParticleSystems":true},"in2DMode":false,"pivot":{"x":450.0421142578125,"y":177.88766479492188,"z":-4.15106201171875},"rotation":{"x":0.145500048995018,"y":-0.15660281479358674,"z":0.02337266318500042,"w":0.9766446352005005},"size":250.37037658691407,"orthographic":false}