{"cameraMode":{"drawMode":0,"name":"Shaded","section":"Shading Mode"},"sceneLighting":true,"audioPlay":false,"sceneViewState":{"showFog":true,"showMaterialUpdate":false,"showSkybox":true,"showFlares":true,"showImageEffects":true,"showParticleSystems":true},"in2DMode":false,"pivot":{"x":-1.3265447616577149,"y":0.29347753524780276,"z":-1.7992894649505616},"rotation":{"x":-0.39728406071662905,"y":0.25258147716522219,"z":-0.11471299082040787,"w":-0.874763011932373},"size":2.394014835357666,"orthographic":false}