{"cameraMode":{"drawMode":0,"name":"Shaded","section":"Shading Mode"},"sceneLighting":true,"audioPlay":false,"sceneViewState":{"showFog":true,"showMaterialUpdate":false,"showSkybox":true,"showFlares":true,"showImageEffects":true,"showParticleSystems":true},"in2DMode":false,"pivot":{"x":-0.40715456008911135,"y":0.8906770944595337,"z":-2.595524311065674},"rotation":{"x":-0.2522514760494232,"y":-0.7468084096908569,"z":0.41276484727859499,"w":-0.4564789831638336},"size":4.745870590209961,"orthographic":false}