{"cameraMode":{"drawMode":0,"name":"Shaded","section":"Shading Mode"},"sceneLighting":true,"audioPlay":false,"sceneViewState":{"showFog":true,"showMaterialUpdate":false,"showSkybox":true,"showFlares":true,"showImageEffects":true,"showParticleSystems":true},"in2DMode":false,"pivot":{"x":841.8555297851563,"y":281.29180908203127,"z":101.152099609375},"rotation":{"x":0.006239187438040972,"y":-0.06730548292398453,"z":0.0010843637865036727,"w":0.9978638887405396},"size":877.2483520507813,"orthographic":false}