{"cameraMode":{"drawMode":0,"name":"Shaded","section":"Shading Mode"},"sceneLighting":true,"audioPlay":false,"sceneViewState":{"showFog":true,"showMaterialUpdate":false,"showSkybox":true,"showFlares":true,"showImageEffects":true,"showParticleSystems":true},"in2DMode":false,"pivot":{"x":-1.7252752780914307,"y":1.5279722213745118,"z":-0.7416295409202576},"rotation":{"x":-0.025626350194215776,"y":-0.8300121426582336,"z":-0.038412149995565417,"w":0.555884599685669},"size":1.3640482425689698,"orthographic":false}