{"cameraMode":{"drawMode":0,"name":"Shaded","section":"Shading Mode"},"sceneLighting":true,"audioPlay":false,"sceneViewState":{"showFog":true,"showMaterialUpdate":false,"showSkybox":true,"showFlares":true,"showImageEffects":true,"showParticleSystems":true},"in2DMode":false,"pivot":{"x":4.990816116333008,"y":-5.192249298095703,"z":-4.502599716186523},"rotation":{"x":0.059986863285303119,"y":-0.8337011337280273,"z":0.5411167740821838,"w":0.09242132306098938},"size":46.504573822021487,"orthographic":false}