{"cameraMode":{"drawMode":0,"name":"Shaded","section":"Shading Mode"},"sceneLighting":true,"audioPlay":false,"sceneViewState":{"showFog":true,"showMaterialUpdate":false,"showSkybox":true,"showFlares":true,"showImageEffects":true,"showParticleSystems":true},"in2DMode":false,"pivot":{"x":1.8832292556762696,"y":2.1504933834075929,"z":-4.703817367553711},"rotation":{"x":0.11821901053190232,"y":-0.524336576461792,"z":0.0737876296043396,"w":0.8400474786758423},"size":4.644330978393555,"orthographic":false}