{"cameraMode":{"drawMode":0,"name":"Shaded","section":"Shading Mode"},"sceneLighting":true,"audioPlay":false,"sceneViewState":{"showFog":true,"showMaterialUpdate":false,"showSkybox":true,"showFlares":true,"showImageEffects":true,"showParticleSystems":true},"in2DMode":false,"pivot":{"x":0.4527449607849121,"y":-0.3450789451599121,"z":-1.4036846160888672},"rotation":{"x":0.018392961472272874,"y":-0.9731121063232422,"z":0.21383877098560334,"w":0.08368928730487824},"size":6.479501724243164,"orthographic":false}