{"cameraMode":{"drawMode":0,"name":"Shaded","section":"Shading Mode"},"sceneLighting":true,"audioPlay":false,"sceneViewState":{"showFog":true,"showMaterialUpdate":false,"showSkybox":true,"showFlares":true,"showImageEffects":true,"showParticleSystems":true},"in2DMode":false,"pivot":{"x":-1.461040735244751,"y":-1.397779941558838,"z":-3.1674556732177736},"rotation":{"x":-0.11868492513895035,"y":-0.8730657696723938,"z":0.39239898324012759,"w":-0.264057457447052},"size":4.903488636016846,"orthographic":false}