{"cameraMode":{"drawMode":0,"name":"Shaded","section":"Shading Mode"},"sceneLighting":true,"audioPlay":false,"sceneViewState":{"showFog":true,"showMaterialUpdate":false,"showSkybox":true,"showFlares":true,"showImageEffects":true,"showParticleSystems":true},"in2DMode":false,"pivot":{"x":-1.2885489463806153,"y":0.8898682594299316,"z":-1.8669557571411133},"rotation":{"x":-0.011558136902749539,"y":-0.9641525745391846,"z":0.2630523443222046,"w":-0.03757534176111221},"size":3.1500422954559328,"orthographic":false}